{
  "project_info": {
    "project_number": "779495057849",
    "firebase_url": "https://sapportal-outsource.firebaseio.com",
    "project_id": "sapportal-outsource",
    "storage_bucket": "sapportal-outsource.appspot.com"
  },
  "client": [
    {
      "client_info": {
        "mobilesdk_app_id": "1:779495057849:android:b7a6c62207a998a58aee68",
        "android_client_info": {
          "package_name": "com.studio.sapportal"
        }
      },
      "oauth_client": [
        {
          "client_id": "779495057849-anfathfojc1g1e9hmg9086jh23dnr5s0.apps.googleusercontent.com",
          "client_type": 1,
          "android_info": {
            "package_name": "com.studio.sapportal",
            "certificate_hash": "4ce4d5b61f6d3f0203bdf710356622269b1d379e"
          }
        },
        {
          "client_id": "779495057849-bju90uldq92q1gatt5udj03l0sfvmnm6.apps.googleusercontent.com",
          "client_type": 3
        }
      ],
      "api_key": [
        {
          "current_key": "AIzaSyBw19k2DegTNSo8nOKojLwDwjlNxAcxxJQ"
        }
      ],
      "services": {
        "appinvite_service": {
          "other_platform_oauth_client": [
            {
              "client_id": "779495057849-bju90uldq92q1gatt5udj03l0sfvmnm6.apps.googleusercontent.com",
              "client_type": 3
            }
          ]
        }
      }
    }
  ],
  "configuration_version": "1"
}